"title","url","channel","duration","thumbnail","videoId"
"Tea-sipping Englishman is a Freestyle Rap BEAST?! | Chris Turner's Freestyle Raps","https://www.youtube.com/watch?v=SC4RkN7HOWs&list=LL&index=1&t=35s&pp=gAQBiAQB","Chris Turner","00:9:14","","SC4RkN7HOWs"
"Too Many People","https://www.youtube.com/watch?v=OgqOuBfrCyw&list=LL&index=16&pp=gAQBiAQB","Princess Chelsea","00:5:03","","OgqOuBfrCyw"
"Evolution of Electronic Music (1929 - 2019)","https://www.youtube.com/watch?v=MqukyEC3qWM&list=LL&index=31&pp=gAQBiAQB","FenixP's Corner","00:23:55","","MqukyEC3qWM"
"James May Learns The Scandi Flick! | Top Gear Classic","https://www.youtube.com/watch?v=a5-FvTyDxtI&list=LL&index=46&pp=gAQBiAQB","Top Gear Classic","00:11:29","","a5-FvTyDxtI"
"Nothing Else Matters by Metallica...but I must avoid copyright","https://www.youtube.com/watch?v=qWTAJOYVZEk&list=LL&index=61&pp=gAQBiAQB0gcJCSkKAYcqIYzv","Lucas Brar","00:3:26","","qWTAJOYVZEk"
"Xiaomi Just Changed AI Smart Glasses FOREVER (genius move)","https://www.youtube.com/watch?v=nqONvV1hPVw&list=LL&index=76&pp=gAQBiAQB","Gadget Evolution","00:8:03","","nqONvV1hPVw"
"Seinfeld - Serbs are fanatic about their showers","https://www.youtube.com/watch?v=b6g4HfgSl6E&list=LL&index=91&pp=gAQBiAQB","blokovi","00:0:16","","b6g4HfgSl6E"
"Mecano - Hijo de la luna","https://www.youtube.com/watch?v=VaTb2AtMCfU&list=LL&index=106&pp=gAQBiAQB","CANAL MECANO","00:4:29","","VaTb2AtMCfU"
"GryoCRO taking off (360 video)","https://www.youtube.com/watch?v=YL80Wub9otk&list=LL&index=121&pp=gAQBiAQB","Zeljko Svedic","00:1:33","","YL80Wub9otk"
"John Denver sings ""War Pigs"" (Black Sabbath)","https://www.youtube.com/watch?v=L5m5ycA_QHk&list=LL&index=136&pp=gAQBiAQB","There I Ruined It","00:2:02","","L5m5ycA_QHk"
"Don't Owe You a Thang","https://www.youtube.com/watch?v=sabdjb3R8rU&list=LL&index=151&pp=gAQBiAQB","garyclarkjr","00:3:36","","sabdjb3R8rU"
"Smoke Mardeljano ft Prti Bee Gee - Livin La Vida Loca (Official video)","https://www.youtube.com/watch?v=JqR2c6ykYNM&list=LL&index=166&pp=gAQBiAQB","SMOKEMARDELJANOTV","00:3:38","","JqR2c6ykYNM"
"Journey to Narahmon","https://www.youtube.com/watch?v=1paFMZ4VZ1c&list=LL&index=181&pp=gAQBiAQB","Naxatras Official","00:6:07","","1paFMZ4VZ1c"
"Thomas Cole - The Course of Empire","https://www.youtube.com/watch?v=yvhy6iybvXI&list=LL&index=196&t=16s&pp=gAQBiAQB","Juan J","00:3:31","","yvhy6iybvXI"
"My Evidence-Based Skincare Routine","https://www.youtube.com/watch?v=OrElyY7MFVs&list=LL&index=211&pp=gAQBiAQB","Ali Abdaal","00:14:05","","OrElyY7MFVs"
"How Quentin Tarantino decided to kill Hitler","https://www.youtube.com/watch?v=da2KLouwTnY&list=LL&index=226&pp=gAQBiAQB","Outstanding Screenplays","00:1:00","","da2KLouwTnY"
"Like Sugar","https://www.youtube.com/watch?v=ABnQIz95SQs&list=LL&index=241&pp=gAQBiAQB","Chaka Khan","00:4:00","","ABnQIz95SQs"
"Molfar","https://www.youtube.com/watch?v=bw1CnSlixa0&list=LL&index=256&pp=gAQBiAQB","Miss Monique","00:3:25","","bw1CnSlixa0"
"Using AirDrop with Android!","https://www.youtube.com/watch?v=zsxviDibcUg&list=LL&index=271&pp=gAQBiAQB","Marques Brownlee","00:1:00","","zsxviDibcUg"
"What A Difference A Day Makes","https://www.youtube.com/watch?v=upJ3OgMRiUA&list=LL&index=286&pp=gAQBiAQB","Dinah Washington - Topic","00:2:35","","upJ3OgMRiUA"
"The Most INSANE Music Interview","https://www.youtube.com/watch?v=IUlzYiUU9BY&list=LL&index=301&t=6s&pp=gAQBiAQB","Rick Beato","00:10:33","","IUlzYiUU9BY"
"EPIC Aerospace On/Off Switch","https://www.youtube.com/watch?v=b8MK1Ct1IbA&list=LL&index=316&pp=gAQBiAQB","MisteurSandman","00:0:16","","b8MK1Ct1IbA"
"When you Accidentally Compromise every CPU on Earth","https://www.youtube.com/watch?v=YRohz9VO1YY&list=LL&index=331&pp=gAQBiAQB","Daniel Boctor","00:15:59","","YRohz9VO1YY"
"Forty Six & 2","https://www.youtube.com/watch?v=gBnalcSi138&list=LL&index=346&pp=gAQBiAQB","TOOL","00:6:04","","gBnalcSi138"
"Cicciolina compie un gesto di pace","https://www.youtube.com/watch?v=ZyTPZTSV9gI&list=LL&index=361&pp=gAQBiAQB","Riccardo Del Zotto","00:0:09","","ZyTPZTSV9gI"
"St. Bluz","https://www.youtube.com/watch?v=58GZuaUqLiU&list=LL&index=376&pp=gAQBiAQB0gcJCSkKAYcqIYzv","Goribor","00:5:15","","58GZuaUqLiU"
"Nami Shimada - Sunshower","https://www.youtube.com/watch?v=zDIlsV81JgA&list=LL&index=391&pp=gAQBiAQB","Creme Organization","00:5:15","","zDIlsV81JgA"
"express rising - capsize (excerpt taken from Low End Theory Podcast #12)","https://www.youtube.com/watch?v=ow7eEWh37iU&list=LL&index=406&pp=gAQBiAQB","NAHT 87","00:1:28","","ow7eEWh37iU"
"Gabin - Sweet Sadness - GABIN #05","https://www.youtube.com/watch?v=Fa2PgpxtWOo&list=LL&index=421&pp=gAQBiAQB","RNC MUSIC","00:5:20","","Fa2PgpxtWOo"
"Sinéad O'Connor - Nothing Compares 2 U (Official Music Video) [HD]","https://www.youtube.com/watch?v=0-EF60neguk&list=LL&index=436&pp=gAQBiAQB0gcJCSkKAYcqIYzv","Sinéad O'Connor","00:5:09","","0-EF60neguk"
"Outshined (Remastered 2016)","https://www.youtube.com/watch?v=n5FA1ReVRN0&list=LL&index=451&pp=gAQBiAQB","Soundgarden","00:5:11","","n5FA1ReVRN0"
"[ Scotch ] - Disco Band. ( HQ )","https://www.youtube.com/watch?v=G0DZwz2k3VU&list=LL&index=466&pp=gAQBiAQB0gcJCSkKAYcqIYzv","Typhoon160m","00:4:57","","G0DZwz2k3VU"
"NEW DOMINO RECORD + Most INSANE Spiral Ever! (32,000 Dominoes)","https://www.youtube.com/watch?v=FWgH0hXZKrE&list=LL&index=481&pp=gAQBiAQB","Hevesh5","00:5:34","","FWgH0hXZKrE"
"Mel Blanc, The Man of 1000 Voices [1981] - AMAZING TALENT !!","https://www.youtube.com/watch?v=ZeAM1vwEcFg&list=LL&index=496&pp=gAQBiAQB","L0STanimation","00:9:57","","ZeAM1vwEcFg"
"Techno! The New Dance Sound Of Detroit (Full Album)","https://www.youtube.com/watch?v=i3u7NUBfhk4&list=LL&index=511&pp=gAQBiAQB0gcJCSkKAYcqIYzv","somefim","1:17:01","","i3u7NUBfhk4"
"VJEŠTICE - Totalno drukčiji od drugih","https://www.youtube.com/watch?v=fuaAH1180vQ&list=LL&index=526&pp=gAQBiAQB","SACHER","00:3:21","","fuaAH1180vQ"
"Muslim Style Techno Dance","https://www.youtube.com/watch?v=0NDy6Rlijzo&list=LL&index=541&pp=gAQBiAQB","jobake","00:2:24","","0NDy6Rlijzo"
"€4.25 Million Yacht Tour : Hanstaiger X1","https://www.youtube.com/watch?v=sEfxsd5xfVM&list=LL&index=556&pp=gAQBiAQB","AQUAHOLIC","00:13:20","","sEfxsd5xfVM"
"Nanowar Of Steel - Norwegian Reggaeton (feat. Charly Glamour & Gigatron)","https://www.youtube.com/watch?v=j0YXfeNxJJ0&list=LL&index=571&pp=gAQBiAQB","nanowarVEVO","00:5:30","","j0YXfeNxJJ0"
"Imagine The Possibilities | @Barbie","https://www.youtube.com/watch?v=l1vnsqbnAkk&list=LL&index=586&pp=gAQBiAQB","Barbie","00:1:56","","l1vnsqbnAkk"
"[V1: Old Version] The Simple Secret of Runway Numbers","https://www.youtube.com/watch?v=qD6bPNZRRbQ&list=LL&index=601&pp=gAQBiAQB","CGP Grey","00:17:38","","qD6bPNZRRbQ"
"Miriam Margolyes on Graham Norton","https://www.youtube.com/watch?v=7aBbbtCBWtw&list=LL&index=616&pp=gAQBiAQB0gcJCSkKAYcqIYzv","Denise F","00:46:53","","7aBbbtCBWtw"
"When your girlfriend taking you to the boys *tiktok vine* *The Prophet - Wanna Play*","https://www.youtube.com/watch?v=YFul4MCcGY4&list=LL&index=631&pp=gAQBiAQB","Zagrajmen","00:0:35","","YFul4MCcGY4"
"Mortimeriados - Bob Mortimer on Would I Lie to You? Part 2","https://www.youtube.com/watch?v=_bWt__tV-Zg&list=LL&index=646&pp=gAQBiAQB","WILTY? Nope!","00:24:13","","_bWt__tV-Zg"
"Russian tank crewman and his wife in T72 tank(Eng.sub.)","https://www.youtube.com/watch?v=kdwOX3xhZYc&list=LL&index=661&pp=gAQBiAQB0gcJCSkKAYcqIYzv","Postgrad Sibstud","00:0:54","","kdwOX3xhZYc"
"Porushka-Paranya","https://www.youtube.com/watch?v=csdPsEL2tg0&list=LL&index=676&pp=gAQBiAQB","Bering Strait - Topic","00:2:41","","csdPsEL2tg0"
"Liam Gallagher - One Of Us (Official Video)","https://www.youtube.com/watch?v=V3mhhT3c7oY&list=LL&index=691&pp=gAQBiAQB0gcJCSkKAYcqIYzv","Liam Gallagher","00:3:41","","V3mhhT3c7oY"
"ian curtis dancing to serbian heart attack music","https://www.youtube.com/watch?v=PNtWPmUAjKQ&list=LL&index=706&pp=gAQBiAQB","Videopakao","00:1:05","","PNtWPmUAjKQ"
"Plastic Recycling is an Actual Scam | Climate Town","https://www.youtube.com/watch?v=PJnJ8mK3Q3g&list=LL&index=721&pp=gAQBiAQB","Climate Town","00:8:45","","PJnJ8mK3Q3g"
"Virtual Barber Shop (Audio...use headphones, close ur eyes)","https://www.youtube.com/watch?v=IUDTlvagjJA&list=LL&index=736&pp=gAQBiAQB","LovelyVirus","00:4:41","","IUDTlvagjJA"
"Gloria Estefan, Miami Sound Machine - Conga","https://www.youtube.com/watch?v=54ItEmCnP80&list=LL&index=751&pp=gAQBiAQB","Gloria Estefan","00:5:21","","54ItEmCnP80"
"Death in Vegas - Dirge (HQ)","https://www.youtube.com/watch?v=oR_pxawRvng&list=LL&index=766&pp=gAQBiAQB","RealityMovie23","00:5:45","","oR_pxawRvng"
"Do You Love Me?","https://www.youtube.com/watch?v=fn3KWM1kuAw&list=LL&index=781&pp=gAQBiAQB","Boston Dynamics","00:2:55","","fn3KWM1kuAw"
"Ant Simulator is canceled. Eric Tereshinski resigns from ETeeski LLC.","https://www.youtube.com/watch?v=2IWl29BNawg&list=LL&index=796&t=29s&pp=gAQBiAQB","Master Indie","00:4:08","","2IWl29BNawg"
"Kawasaki 3P - Snifa san glu","https://www.youtube.com/watch?v=gPuVHV301gA&list=LL&index=811&pp=gAQBiAQB0gcJCSkKAYcqIYzv","druginetko","00:3:09","","gPuVHV301gA"
"Ozzy Man Reviews: Romania's Got Talent","https://www.youtube.com/watch?v=aPxwXKPb0b8&list=LL&index=826&pp=gAQBiAQB","Ozzy Man Reviews","00:1:35","","aPxwXKPb0b8"
"Dinah Washington: What Difference A Day Makes","https://www.youtube.com/watch?v=OmBxVfQTuvI&list=LL&index=841&pp=gAQBiAQB","phalenopsis1","00:2:30","","OmBxVfQTuvI"
"Why are we still here just to suffer","https://www.youtube.com/watch?v=HNdbKLIw5rs&list=LL&index=856&pp=gAQBiAQB","Komodude","00:0:46","","HNdbKLIw5rs"
"Jolene (Bardcore | Medieval Style)","https://www.youtube.com/watch?v=ugqQlB5fpuc&list=LL&index=871&pp=gAQBiAQB","Hildegard von Blingin'","00:3:48","","ugqQlB5fpuc"
"Hilarious Little Duck Is Following Man | Funny VIDEO | GGL","https://www.youtube.com/watch?v=XyO3x5KAihc&list=LL&index=886&pp=gAQBiAQB","GetGoodLaughs","00:0:54","","XyO3x5KAihc"
"Sono - Keep Control (ARTBAT Remix)","https://www.youtube.com/watch?v=thlM9POBwk8&list=LL&index=901&pp=gAQBiAQB0gcJCSkKAYcqIYzv","Armada Music TV","00:8:04","","thlM9POBwk8"
"Flight of the Conchords - The Summer of 1353 (Woo a Lady) - Dallas, TX 10-26-2016","https://www.youtube.com/watch?v=zEqdINMLAec&list=LL&index=916&pp=gAQBiAQB","jcnoseworthy","00:8:44","","zEqdINMLAec"
"Frank Sinatra - The Girl From Ipanema ft. Antonio Carlos Jobim | A Man And His Music (1967)","https://www.youtube.com/watch?v=NldPFVKYmiw&list=LL&index=931&pp=gAQBiAQB","Frank Sinatra","00:1:52","","NldPFVKYmiw"
"Rare Waterfront Gem in Coronado, California","https://www.youtube.com/watch?v=TgmPohazh-k&list=LL&index=946&pp=gAQBiAQB","Sotheby's International Realty","00:5:21","","TgmPohazh-k"
"Trap in Elevator Surprising hole prank | Just - Funny For Laugh [HD Compilation #1]","https://www.youtube.com/watch?v=Zn4UCpGu2Ms&list=LL&index=961&pp=gAQBiAQB","funny for laugh","00:6:29","","Zn4UCpGu2Ms"
"ASUS Zephyrus G14 Gaming Laptop Review","https://www.youtube.com/watch?v=qTO7959ySss&list=LL&index=976&pp=gAQBiAQB","Dave2D","00:9:26","","qTO7959ySss"
"Monkey Plays Ping Pong 2","https://www.youtube.com/watch?v=s_87e9RZE2o&list=LL&index=991&pp=gAQBiAQB0gcJCSkKAYcqIYzv","Toom Tipavongsa","00:0:25","","s_87e9RZE2o"
"VW ID Buzz | Fully Charged","https://www.youtube.com/watch?v=TQut6ks3nSY&list=LL&index=1006&pp=gAQBiAQB","Everything Electric CARS","00:27:07","","TQut6ks3nSY"
"Hurra torpedo - Total eclipse of the heart","https://www.youtube.com/watch?v=K64ipl_xwqY&list=LL&index=1021&pp=gAQBiAQB","kn0ddas","00:3:16","","K64ipl_xwqY"
"Mungo Jerry - In The Summertime ORIGINAL 1970","https://www.youtube.com/watch?v=wvUQcnfwUUM&list=LL&index=1036&pp=gAQBiAQB","Mungo Jerry","00:3:35","","wvUQcnfwUUM"
"Daydream - Psybient, Psychill, Downtempo Mix","https://www.youtube.com/watch?v=W1_1YqBuySk&list=LL&index=1051&t=4902s&pp=gAQBiAQB","PsyChamber","2:41:23","","W1_1YqBuySk"
"GUNSHIP - Tech Noir [Official Music Video]","https://www.youtube.com/watch?v=-nC5TBv3sfU&list=LL&index=1066&pp=gAQBiAQB","GUNSHIPMUSIC","00:5:19","","-nC5TBv3sfU"
"12 Awesome Open-Source Linux Games You Should Not Miss","https://www.youtube.com/watch?v=B3y_EYSRkl0&list=LL&index=1081&pp=gAQBiAQB","Make Tech Easier","00:8:00","","B3y_EYSRkl0"
"Teške Boje","https://www.youtube.com/watch?v=X0sE0Z3yTP4&list=LL&index=1096&pp=gAQBiAQB","Release - Topic","00:4:32","","X0sE0Z3yTP4"
"Juggling Molecules","https://www.youtube.com/watch?v=4tu5rtsIIDw&list=LL&index=1111&pp=gAQBiAQB","ShpongleMusic","00:9:18","","4tu5rtsIIDw"
"Principles Of Lust: Sadeness / Find Love / Sadeness (Reprise)","https://www.youtube.com/watch?v=ZvQcX5yfTD8&list=LL&index=1126&pp=gAQBiAQB","Enigma","00:11:44","","ZvQcX5yfTD8"
"Nights in White Satin - The Moody Blues - in Paris.","https://www.youtube.com/watch?v=cs4RG9u8IVU&list=LL&index=1141&pp=gAQBiAQB","@RedBaron863","00:4:25","","cs4RG9u8IVU"
"Mad Lib Theater with Natalie Portman","https://www.youtube.com/watch?v=vQBdBhMwlcI&list=LL&index=1156&pp=gAQBiAQB","The Tonight Show Starring Jimmy Fallon","00:7:38","","vQBdBhMwlcI"
"3 Doors Down - Kryptonite (Official Video)","https://www.youtube.com/watch?v=xPU8OAjjS4k&list=LL&index=1171&pp=gAQBiAQB0gcJCSkKAYcqIYzv","3doorsdown","00:3:55","","xPU8OAjjS4k"
"Njegovo Veličanstvo Flying Clipper od Brodosplita","https://www.youtube.com/watch?v=WCVv6EaxEDc&list=LL&index=1186&pp=gAQBiAQB0gcJCSkKAYcqIYzv","Škveranka","00:3:46","","WCVv6EaxEDc"
"What’s Hiding at the Most Solitary Place on Earth? The Deep Sea","https://www.youtube.com/watch?v=PaErPyEnDvk&list=LL&index=1201&pp=gAQBiAQB","Kurzgesagt – In a Nutshell","00:11:20","","PaErPyEnDvk"
"David Guetta Feat. Kid Cudi - Memories (Official Video)","https://www.youtube.com/watch?v=NUVCQXMUVnI&list=LL&index=1216&pp=gAQBiAQB0gcJCSkKAYcqIYzv","David Guetta","00:3:29","","NUVCQXMUVnI"
"New York frozen with 960fps Super Slow Motion","https://www.youtube.com/watch?v=7vK1XKxe0Ts&list=LL&index=1231&pp=gAQBiAQB","Glen Makes","00:2:08","","7vK1XKxe0Ts"
"DEL SHANNON ""RUNAWAY (CRIME STORY VERSION)""","https://www.youtube.com/watch?v=y0oorwyJlv4&list=LL&index=1246&pp=gAQBiAQB","Terry Bangley","00:3:21","","y0oorwyJlv4"
"Baftas 2016: Rebel Wilson's deadpan speech","https://www.youtube.com/watch?v=PNe8Gs1V6Lw&list=LL&index=1261&pp=gAQBiAQB","Guardian News","00:1:38","","PNe8Gs1V6Lw"
"Ленинград — Кольщик","https://www.youtube.com/watch?v=ktiONWfSL48&list=LL&index=1276&pp=gAQBiAQB","Ленинград","00:4:19","","ktiONWfSL48"
"ICTbusiness TV: Tehnologija donosi promjene","https://www.youtube.com/watch?v=XWsVgYuS38A&list=LL&index=1291&pp=gAQBiAQB","ICT Business","00:34:45","","XWsVgYuS38A"
"Chill Loungers - The Ecstasy Of Gold (from The Good, The Bad and The Ugly)","https://www.youtube.com/watch?v=KgzEtASdEAU&list=LL&index=1306&pp=gAQBiAQB","BeatBoutiqueSound","00:3:39","","KgzEtASdEAU"
"Ape With AK-47","https://www.youtube.com/watch?v=GhxqIITtTtU&list=LL&index=1321&pp=gAQBiAQB","apeswillrise","00:0:43","","GhxqIITtTtU"
"Wrecking Ball (Chatroulette Version)","https://www.youtube.com/watch?v=W6DmHGYy_xk&list=LL&index=1336&pp=gAQBiAQB","SteveKardynal","00:2:45","","W6DmHGYy_xk"
"Why Machines That Bend Are Better","https://www.youtube.com/watch?v=97t7Xj_iBv0&list=LL&index=1351&pp=gAQBiAQB","Veritasium","00:12:52","","97t7Xj_iBv0"
"Can You Trust Kurzgesagt Videos?","https://www.youtube.com/watch?v=JtUAAXe_0VI&list=LL&index=1366&pp=gAQBiAQB","Kurzgesagt – In a Nutshell","00:6:10","","JtUAAXe_0VI"
"HMS Barham Explodes & Sinks: World War II (1941) | British Pathé","https://www.youtube.com/watch?v=YdrISbwy_zI&list=LL&index=1381&pp=gAQBiAQB","British Pathé","00:1:12","","YdrISbwy_zI"
"Foreigner - 'I Want To Know What Love Is' [Official Music Video]","https://www.youtube.com/watch?v=raNGeq3_DtM&list=LL&index=1396&pp=gAQBiAQB","ApplePie Music","00:4:51","","raNGeq3_DtM"
"Carbon Based Lifeforms - World Of Sleepers [Full Album]","https://www.youtube.com/watch?v=KQE29az48gM&list=LL&index=1411&pp=gAQBiAQB","The Psychedelic Muse","1:18:40","","KQE29az48gM"
"[Deleted video]","https://www.youtube.com/watch?v=yg9C60Yfwv8&list=LL&index=1426&pp=gAQBiAQB","","","","yg9C60Yfwv8"
"[Deleted video]","https://www.youtube.com/watch?v=YXHuY84Gk34&list=LL&index=1441&pp=gAQBiAQB","","","","YXHuY84Gk34"
"[Deleted video]","https://www.youtube.com/watch?v=_1rXqD6M614&list=LL&index=1456&pp=gAQBiAQB","","","","_1rXqD6M614"
"THE CURE - A Forest (lyrics)","https://www.youtube.com/watch?v=RGT4V6JmINA&list=LL&index=1471&pp=gAQBiAQB","8wrcevo","00:5:56","","RGT4V6JmINA"
"The Origin of Job Interviews - The Armstrong and Miller Show - Series 2 Episode 6 Preview - BBC","https://www.youtube.com/watch?v=b56eAUCTLok&list=LL&index=1486&pp=gAQBiAQB0gcJCSkKAYcqIYzv","BBC","00:1:39","","b56eAUCTLok"
"Not Sardar Jokes| Stand-Up Comedy by Vikramjit Singh","https://www.youtube.com/watch?v=zTeIY7YnNEY&list=LL&index=1501&pp=gAQBiAQB","Vikramjit Singh","00:7:47","","zTeIY7YnNEY"
"ROCKY (REMI GAILLARD) 🥊","https://www.youtube.com/watch?v=hqOBR_Xbw2I&list=LL&index=1516&pp=gAQBiAQB","Rémi GAILLARD","00:3:13","","hqOBR_Xbw2I"
"Vectrex (Games Compilation)","https://www.youtube.com/watch?v=J8eZOJr5rs4&list=LL&index=1531&pp=gAQBiAQB","tr0d","00:3:27","","J8eZOJr5rs4"
"VR Tour - The Zeppelin Hindenburg","https://www.youtube.com/watch?v=KiXQyymsdyk&list=LL&index=1546&pp=gAQBiAQB","InRangeTV","00:8:59","","KiXQyymsdyk"
"Hoverboard VS Electric Unicycle","https://www.youtube.com/watch?v=dMpXEfJTvas&list=LL&index=1561&pp=gAQBiAQB","HowToLou","00:4:26","","dMpXEfJTvas"
"What kids really do on Musical.ly","https://www.youtube.com/watch?v=5PmphkNDosg&list=LL&index=1576&pp=gAQBiAQB","PaymoneyWubby","00:12:28","","5PmphkNDosg"
"Antikythera mechanism working model.mov","https://www.youtube.com/watch?v=4eUibFQKJqI&list=LL&index=1591&pp=gAQBiAQB","Jo Marchant","00:4:02","","4eUibFQKJqI"
"sCarabane the off-grid folding caravan Expands Into a Tiny House","https://www.youtube.com/watch?v=376mJ3J3FuU&list=LL&index=1606&pp=gAQBiAQB","Wheelyhouse","00:3:22","","376mJ3J3FuU"
"Tarrare, the Hungriest Man in History","https://www.youtube.com/watch?v=nYHDj2sB-rc&list=LL&index=1621&pp=gAQBiAQB","Sam O'Nella Academy","00:7:49","","nYHDj2sB-rc"
"WARNING VERY GRAPHIC US Army Nerve Agent Weapons Experiments on Rabbits","https://www.youtube.com/watch?v=wXUeLwAit3Y&list=LL&index=1636&pp=gAQBiAQB","tattooverb","00:9:50","","wXUeLwAit3Y"
"We Drove In Google's Newest Self-Driving Car (HBO)","https://www.youtube.com/watch?v=qtApzKnGU94&list=LL&index=1651&pp=gAQBiAQB","VICE News","00:4:59","","qtApzKnGU94"
"Antifragille: Things That Gain from Disorder | Nassim Nicholas Taleb | Talks at Google","https://www.youtube.com/watch?v=S3REdLZ8Xis&list=LL&index=1666&pp=gAQBiAQB","Talks at Google","00:55:40","","S3REdLZ8Xis"
"Music of Memes - Through the Years","https://www.youtube.com/watch?v=d6K3T63w8AA&list=LL&index=1681&pp=gAQBiAQB","Jordi Taeka","00:7:59","","d6K3T63w8AA"
"[Deleted video]","https://www.youtube.com/watch?v=IW_F2ntQOcQ&list=LL&index=1696&pp=gAQBiAQB","","","","IW_F2ntQOcQ"
"The Universe in 4 Minutes","https://www.youtube.com/watch?v=mheHbVev1CU&list=LL&index=1711&pp=gAQBiAQB","exurb1a","00:4:16","","mheHbVev1CU"
"Life in life","https://www.youtube.com/watch?v=xP5-iIeKXE8&list=LL&index=1726&pp=gAQBiAQB","Phillip Bradbury","00:1:30","","xP5-iIeKXE8"
"Iguana vs Snakes | Planet Earth II","https://www.youtube.com/watch?v=Rv9hn4IGofM&list=LL&index=1741&pp=gAQBiAQB","BBC Earth","00:2:17","","Rv9hn4IGofM"
"Planet at a Glance","https://www.youtube.com/watch?v=UL1aAwGW7VQ&list=LL&index=1756&pp=gAQBiAQB","Planet","00:3:10","","UL1aAwGW7VQ"
"Why Socrates Hated Democracy","https://www.youtube.com/watch?v=fLJBzhcSWTk&list=LL&index=1771&pp=gAQBiAQB","The School of Life","00:4:22","","fLJBzhcSWTk"
"Gang of Chimps Torture and Kill a Lone Chimp","https://www.youtube.com/watch?v=CPznMbNcfO8&list=LL&index=1786&pp=gAQBiAQB","IThinkThereforeIAm","00:7:23","","CPznMbNcfO8"
