ID,Name,City
1,User-1,Lisbon
2,User-2,Oslo
3,User-3,Kyoto
4,User-4,Cairo
5,User-5,Lima
6,User-6,Perth
7,User-7,Lisbon
8,User-8,Oslo
9,User-9,Kyoto
10,User-10,Cairo
11,User-11,Lima
12,User-12,Perth
13,User-13,Lisbon
14,User-14,Oslo
15,User-15,Kyoto
16,User-16,Cairo
17,User-17,Lima
18,User-18,Perth
19,User-19,Lisbon
20,User-20,Oslo
21,User-21,Kyoto
22,User-22,Cairo
23,User-23,Lima
24,User-24,Perth
25,User-25,Lisbon
26,User-26,Oslo
27,User-27,Kyoto
28,User-28,Cairo
29,User-29,Lima
30,User-30,Perth
31,User-31,Lisbon
32,User-32,Oslo
33,User-33,Kyoto
34,User-34,Cairo
35,User-35,Lima
36,User-36,Perth
37,User-37,Lisbon
38,User-38,Oslo
39,User-39,Kyoto
40,User-40,Cairo
41,User-41,Lima
42,User-42,Perth
43,User-43,Lisbon
44,User-44,Oslo
45,User-45,Kyoto
46,User-46,Cairo
